{"cameraMode":{"drawMode":0,"name":"Shaded","section":"Shading Mode"},"sceneLighting":true,"audioPlay":false,"sceneViewState":{"m_AlwaysRefresh":false,"showFog":true,"showSkybox":true,"showFlares":true,"showImageEffects":true,"showParticleSystems":true,"showVisualEffectGraphs":true,"m_FxEnabled":true},"in2DMode":false,"pivot":{"x":-2034.622314453125,"y":72.96126556396485,"z":1562.6871337890625},"rotation":{"x":-0.042760420590639117,"y":0.8725869059562683,"z":-0.07769595831632614,"w":-0.4801563024520874},"size":1.4660255908966065,"orthographic":false}